ID,Name,Age,Gender,Email,Join_Date,Last_Login,Weight,Cost
1,John Doe,25,M,JohnDoe@email.com,15-01-2022,05-02-2022,5kg,10Rs
2,Jane Smith,30,F,jane.smith@email.com,01-02-2022,10-02-2022,5kg,10Rs
3,Bob Johnson,,Male,bob.johnson@email.com,20-01-2022,03-02-2022,5kg,10Rs
4,Alice Brown,28,Female,alice.brown@email.com,25-01-2022,08-02-2022,5kg,10Rs
5,Charlie Wilson,35,M,,30-01-2022,06-02-2022,5kg,10Rs
6,Emily Davis,32,female,emily.davis@email.com,05-02-2022,04-02-2022,5kg,10Rs
7,John Doe,25,M,,15-01-2022,05-02-2022,5kg,10Rs
8,Jane Smith,30,F,jane.smith@email.com,01-02-2022,10-02-2022,5kg,10Rs
8,Jane Smith,30,F,jane.smith@email.com,01-02-2022,10-02-2022,5kg,10Rs
9,,33,Male,,20-01-2022,03-02-2022,5kg,10Rs
10,Emma White,26,F,emma.white@email.com,25-01-2022,08-02-2022,5kg,10Rs
11,,29,FEMALE,john.doe@email.com,30-01-2022,06-02-2022,5kg,10Rs
12,Patrick Garcia,34,M,patrick.g@email.com,05-02-2022,04-02-2022,5kg,10Rs
13,Samantha Turner,31,F,Samantha.Turner@email.com,15-01-2022,05-02-2022,5kg,10Rs
14,Ryan Taylor,28,M,someone@email.com,01-02-2022,10-02-2022,5kg,10Rs
15,Lisa Brown,36,F,someone@email.com,25-01-2022,08-02-2022,5kg,10Rs
16,,30,Male,invalid.email,30-01-2022,06-02-2022,5kg,10Rs
17,Katie Johnson,27,F,random@email.com,05-02-2022,04-02-2022,5kg,10Rs
18,Andrew Wilson,32,M,invalid.email,20-01-2022,03-02-2022,5kg,10Rs
19,Olivia Davis,25,Female,olivia@email.com,25-01-2022,08-02-2022,5kg,10Rs
20,Matt Smith,33,M,,30-01-2022,06-02-2022,5kg,10Rs
21,Grace Lee,29,F,grace.lee@email.com,05-02-2022,04-02-2022,5kg,10Rs
21,Grace Lee,29,F,grace.lee@email.com,05-02-2022,04-02-2022,5kg,10Rs
22,Luke Miller,31,M,luke.m@email.com,15-01-2022,05-02-2022,5kg,10Rs
23,Lauren Taylor,26,F,lauren.t@email.com,01-02-2022,10-02-2022,5kg,10Rs
24,Benjamin Anderson,35,M,ben.and@email.com,20-01-2022,03-02-2022,5kg,10Rs
25,Ava White,28,F,ava.white@email.com,25-01-2022,08-02-2022,5kg,10Rs
26,Christopher Brown,32,M,chris@email.com,30-01-2022,06-02-2022,5kg,10Rs
27,Hailey Turner,30,F,hailey@email.com,05-02-2022,04-02-2022,5kg,10Rs
28,David Garcia,27,M,david.g@email.com,15-01-2022,05-02-2022,5kg,10Rs
29,Anna Wilson,34,F,anna.w@email.com,01-02-2022,10-02-2022,5kg,10Rs
30,Michaela Davis,31,F,michaela.d@email.com,20-01-2022,03-02-2022,5kg,10Rs
31,Alexander Lee,26,M,alex@email.com,25-01-2022,08-02-2022,5kg,10Rs
32,Isabella Johnson,33,F,isa.j@email.com,30-01-2022,06-02-2022,5kg,10Rs
33,Nathan Taylor,,Male,nathan@email.com,05-02-2022,04-02-2022,5kg,10Rs
34,Victoria Smith,29,F,victoria@email.com,15-01-2022,05-02-2022,5kg,10Rs
35,William Turner,35,M,william@email.com,01-02-2022,10-02-2022,5kg,10Rs
36,Alyssa Miller,28,F,alyssa@email.com,20-01-2022,03-02-2022,5kg,10Rs
37,Jason White,31,M,jason.w@email.com,25-01-2022,08-02-2022,5kg,10Rs
38,Mia Anderson,27,F,mia@email.com,30-01-2022,06-02-2022,5kg,10Rs
39,Jacob Davis,32,M,jacob@email.com,05-02-2022,04-02-2022,5kg,10Rs
40,Sophia Brown,30,F,sophia@email.com,15-01-2022,05-02-2022,5kg,10Rs
41,Logan Wilson,26,M,logan.w@email.com,01-02-2022,10-02-2022,5kg,10Rs
42,Ella Taylor,33,F,ella@email.com,20-01-2022,03-02-2022,5kg,10Rs
43,Liam Garcia,29,M,l.garcia@email.com,1/25/2022,08-02-2022,5kg,10Rs
44,Hannah Lee,36,F,hannah@email.com,1/30/2022,06-02-2022,5kg,10Rs
45,Aiden Miller,31,M,aiden@email.com,02-05-2022,04-02-2022,5kg,10Rs
46,Abigail Turner,28,F,abby@email.com,15-01-2022,05-02-2022,5kg,10Rs
47,Jackson Smith,34,M,jackson.s@email.com,01-02-2022,10-02-2022,5kg,10Rs
48,Amelia Davis,27,F,amelia.d@email.com,20-01-2022,03-02-2022,5kg,10Rs
49,Noah Brown,32,M,noah.b@email.com,25-01-2022,08-02-2022,5kg,10Rs
50,Chloe Wilson,30,F,chloe.w@email.com,30-01-2022,06-02-2022,5kg,10Rs
51,Ethan Taylor,26,M,ethan.t@email.com,05-02-2022,04-02-2022,5kg,10Rs
52,Madison Anderson,33,F,madison@email.com,15-01-2022,05-02-2022,5kg,10Rs
53,Landon White,29,M,landon@email.com,01-02-2022,10-02-2022,5kg,10Rs
54,Scarlett Lee,35,F,scarlett@email.com,20-01-2022,03-02-2022,5kg,10Rs
55,Grayson Miller,31,M,grayson@email.com,25-01-2022,08-02-2022,5kg,10Rs
56,Zoe Davis,28,F,zoe@email.com,30-01-2022,06-02-2022,5kg,10Rs
57,Henry Garcia,34,M,henry.g@email.com,05-02-2022,04-02-2022,5kg,10Rs
58,Stella Wilson,26,F,stella@email.com,15-01-2022,05-02-2022,5kg,10Rs
59,Carter Taylor,33,M,carter.t@email.com,01-02-2022,10-02-2022,5kg,10Rs
60,Grace Smith,29,F,grace.smith@email.com,20-01-2022,03-02-2022,5kg,10Rs
61,Owen Turner,35,M,owen.t@email.com,25-01-2022,08-02-2022,5kg,10Rs
,Isabel Brown,31,F,isabel.b@email.com,30-01-2022,06-02-2022,5kg,10Rs
63,Lucas Lee,28,M,lucas@email.com,05-02-2022,04-02-2022,5kg,10Rs
64,Lily Anderson,34,F,lily@email.com,15-01-2022,05-02-2022,5kg,10Rs
65,Alexander Taylor,30,M,alex.t@email.com,01-02-2022,10-02-2022,5kg,10Rs
66,Ella Davis,27,F,ella.d@email.com,20-01-2022,03-02-2022,5kg,10Rs
67,Liam Garcia,33,M,l.garcia@email.com,25-01-2022,08-02-2022,5kg,10Rs
68,Sophia White,29,F,sophia.w@email.com,30-01-2022,06-02-2022,5kg,10Rs
69,Aiden Johnson,32,M,a.johnson@email.com,05-02-2022,04-02-2022,5kg,10Rs
70,Olivia Smith,26,F,olivia.s@email.com,15-01-2022,05-02-2022,5kg,10Rs
71,Ethan Wilson,31,M,ethan.w@email.com,01-02-2022,10-02-2022,5kg,10Rs
72,Mia Turner,34,F,mia.t@email.com,20-01-2022,03-02-2022,5kg,10Rs
73,Lucas Brown,28,M,lucas.b@email.com,25-01-2022,08-02-2022,5kg,10Rs
74,Lily Lee,35,F,lily.lee@email.com,30-01-2022,06-02-2022,5kg,10Rs
75,Jackson Taylor,29,M,jackson.t@email.com,05-02-2022,04-02-2022,5kg,10Rs
76,Emma Anderson,33,F,emma.a@email.com,15-01-2022,05-02-2022,5kg,10Rs
77,Aiden Miller,27,M,a.miller@email.com,01-02-2022,10-02-2022,5kg,10Rs
78,Grace Davis,30,F,grace.d@email.com,20-01-2022,03-02-2022,5kg,10Rs
79,Carter White,31,M,c.white@email.com,25-01-2022,08-02-2022,5kg,10Rs
80,Sophia Turner,25,F,sophia.t@email.com,30-01-2022,06-02-2022,5kg,10Rs
81,Owen Wilson,33,M,owen.w@email.com,05-02-2022,04-02-2022,5kg,10Rs
,Isabella Smith,28,F,isabella.s@email.com,15-01-2022,05-02-2022,5kg,10Rs
83,Landon Davis,34,M,landon.d@email.com,01-02-2022,10-02-2022,5kg,10Rs
84,Ava Lee,29,F,ava.l@email.com,20-01-2022,03-02-2022,5kg,10Rs
85,Logan Taylor,35,M,logan.t@email.com,25-01-2022,08-02-2022,5kg,10Rs
86,Zoe Miller,31,F,zoe.m@email.com,30-01-2022,06-02-2022,5kg,10Rs
87,Mason White,26,M,mason.w@email.com,05-02-2022,04-02-2022,5kg,10Rs
88,Scarlett Turner,32,F,scarlett.t@email.com,15-01-2022,02-05-2022,5kg,10Rs
89,Liam Brown,29,M,l.brown@email.com,01-02-2022,02-10-2022,5kg,10Rs
90,Ava Wilson,33,F,ava.w@email.com,20-01-2022,03-02-2022,5kg,10Rs
91,Oliver Anderson,28,M,oliver.a@email.com,25-01-2022,08-02-2022,5kg,10Rs
92,Sophia Davis,30,F,sophia.d@email.com,30-01-2022,06-02-2022,5kg,10Rs
93,Logan Taylor,34,M,logan.t@email.com,05-02-2022,04-02-2022,5kg,10Rs
94,Zoe Miller,27,F,zoe.m@email.com,15-01-2022,05-02-2022,5kg,10Rs
95,Jackson White,32,M,jackson.w@email.com,01-02-2022,10-02-2022,5kg,10Rs
96,Emma Turner,29,F,emma.t@email.com,20-01-2022,03-02-2022,5kg,10Rs
97,Landon Wilson,35,M,landon.w@email.com,25-01-2022,08-02-2022,5kg,10Rs
98,Isabella Davis,31,F,isabella.d@email.com,30-01-2022,06-02-2022,5kg,10Rs
99,Mason Smith,28,M,mason.s@email.com,05-02-2022,04-02-2022,5kg,10Rs
100,Ava Lee,33,F,ava.l@email.com,15-01-2022,05-02-2022,5kg,10Rs
